frame_index,timestamp_seconds,processing_seconds,fps_estimate,frame_total,frame_counts_json,line_total,line_counts_json,new_events_json
0,0.0,0.093535,10.6912,4,"{""bus"": 1, ""person"": 3}",0,{},[]
1,0.0417,0.030792,32.4758,4,"{""bus"": 1, ""person"": 3}",0,{},[]
2,0.0833,0.029205,34.2401,5,"{""bus"": 1, ""person"": 4}",0,{},[]
3,0.125,0.029808,33.548,4,"{""bus"": 1, ""person"": 3}",1,"{""person"": 1}","[{""frame_index"": 3, ""track_id"": 2, ""label"": ""person"", ""direction"": ""positive""}]"
4,0.1667,0.027544,36.3054,5,"{""bus"": 1, ""person"": 4}",1,"{""person"": 1}",[]
5,0.2083,0.029662,33.7127,4,"{""bus"": 1, ""person"": 3}",1,"{""person"": 1}",[]
6,0.25,0.027649,36.1681,5,"{""bus"": 1, ""person"": 4}",1,"{""person"": 1}",[]
7,0.2917,0.027781,35.9953,4,"{""bus"": 1, ""person"": 3}",1,"{""person"": 1}",[]
8,0.3333,0.037868,26.4077,5,"{""bus"": 1, ""person"": 4}",3,"{""person"": 3}","[{""frame_index"": 8, ""track_id"": 4, ""label"": ""person"", ""direction"": ""positive""}, {""frame_index"": 8, ""track_id"": 3, ""label"": ""person"", ""direction"": ""positive""}]"
9,0.375,0.027666,36.1452,5,"{""bus"": 1, ""person"": 4}",3,"{""person"": 3}",[]
10,0.4167,0.02846,35.1369,5,"{""bus"": 1, ""person"": 4}",3,"{""person"": 3}",[]
11,0.4583,0.0285,35.0878,4,"{""bus"": 1, ""person"": 3}",3,"{""person"": 3}",[]
12,0.5,0.029112,34.3495,5,"{""bus"": 1, ""person"": 4}",3,"{""person"": 3}",[]
13,0.5417,0.029439,33.9684,5,"{""bus"": 2, ""person"": 3}",3,"{""person"": 3}",[]
14,0.5833,0.026983,37.0602,5,"{""bus"": 1, ""person"": 4}",3,"{""person"": 3}",[]
15,0.625,0.02772,36.0748,5,"{""bus"": 1, ""person"": 4}",3,"{""person"": 3}",[]
16,0.6667,0.027797,35.9758,4,"{""bus"": 1, ""person"": 3}",3,"{""person"": 3}",[]
17,0.7083,0.02739,36.5099,5,"{""bus"": 1, ""person"": 4}",3,"{""person"": 3}",[]
18,0.75,0.028737,34.7987,4,"{""bus"": 1, ""person"": 3}",3,"{""person"": 3}",[]
19,0.7917,0.029287,34.145,5,"{""bus"": 1, ""person"": 4}",3,"{""person"": 3}",[]
20,0.8333,0.030243,33.0655,5,"{""bus"": 1, ""person"": 4}",3,"{""person"": 3}",[]
21,0.875,0.03582,27.9177,5,"{""bus"": 1, ""person"": 4}",3,"{""person"": 3}",[]
22,0.9167,0.027949,35.7789,4,"{""bus"": 1, ""person"": 3}",3,"{""person"": 3}",[]
23,0.9583,0.028785,34.7406,5,"{""bus"": 1, ""person"": 4}",3,"{""person"": 3}",[]
24,1.0,0.029,34.483,5,"{""bus"": 1, ""person"": 4}",3,"{""person"": 3}",[]
25,1.0417,0.028741,34.7934,5,"{""bus"": 1, ""person"": 4}",3,"{""person"": 3}",[]
26,1.0833,0.028699,34.8445,5,"{""bus"": 1, ""person"": 4}",3,"{""person"": 3}",[]
27,1.125,0.028414,35.1943,4,"{""bus"": 1, ""person"": 3}",3,"{""person"": 3}",[]
28,1.1667,0.028484,35.1076,5,"{""bus"": 2, ""person"": 3}",3,"{""person"": 3}",[]
29,1.2083,0.028603,34.9619,4,"{""bus"": 1, ""person"": 3}",3,"{""person"": 3}",[]
30,1.25,0.027797,35.9748,5,"{""bus"": 1, ""person"": 4}",3,"{""person"": 3}",[]
31,1.2917,0.029133,34.3253,4,"{""bus"": 1, ""person"": 3}",3,"{""person"": 3}",[]
32,1.3333,0.028218,35.438,4,"{""bus"": 1, ""person"": 3}",3,"{""person"": 3}",[]
33,1.375,0.029991,33.3436,4,"{""bus"": 1, ""person"": 3}",3,"{""person"": 3}",[]
34,1.4167,0.035364,28.277,5,"{""bus"": 1, ""person"": 4}",3,"{""person"": 3}",[]
35,1.4583,0.028623,34.9373,5,"{""bus"": 1, ""person"": 4}",3,"{""person"": 3}",[]
36,1.5,0.027449,36.4311,5,"{""bus"": 1, ""person"": 4}",3,"{""person"": 3}",[]
37,1.5417,0.027722,36.0723,5,"{""bus"": 1, ""person"": 4}",3,"{""person"": 3}",[]
38,1.5833,0.028806,34.715,5,"{""bus"": 1, ""person"": 4}",3,"{""person"": 3}",[]
39,1.625,0.027703,36.0976,6,"{""bus"": 2, ""person"": 4}",3,"{""person"": 3}",[]
40,1.6667,0.027524,36.3315,5,"{""bus"": 1, ""person"": 4}",3,"{""person"": 3}",[]
41,1.7083,0.028075,35.6195,6,"{""bus"": 2, ""person"": 4}",3,"{""person"": 3}",[]
42,1.75,0.028003,35.7101,4,"{""bus"": 1, ""person"": 3}",3,"{""person"": 3}",[]
43,1.7917,0.027311,36.6157,6,"{""bus"": 2, ""person"": 4}",3,"{""person"": 3}",[]
44,1.8333,0.027922,35.8134,4,"{""bus"": 1, ""person"": 3}",3,"{""person"": 3}",[]
45,1.875,0.029207,34.2379,5,"{""bus"": 1, ""person"": 4}",3,"{""person"": 3}",[]
46,1.9167,0.033503,29.8481,5,"{""bus"": 1, ""person"": 4}",3,"{""person"": 3}",[]
47,1.9583,0.037921,26.3705,5,"{""bus"": 1, ""person"": 4}",4,"{""bus"": 1, ""person"": 3}","[{""frame_index"": 47, ""track_id"": 1, ""label"": ""bus"", ""direction"": ""positive""}]"
48,2.0,0.027753,36.0319,4,"{""bus"": 1, ""person"": 3}",4,"{""bus"": 1, ""person"": 3}",[]
49,2.0417,0.027612,36.2156,4,"{""bus"": 1, ""person"": 3}",4,"{""bus"": 1, ""person"": 3}",[]
50,2.0833,0.027382,36.5203,5,"{""bus"": 1, ""person"": 4}",4,"{""bus"": 1, ""person"": 3}",[]
51,2.125,0.028561,35.0131,4,"{""bus"": 1, ""person"": 3}",4,"{""bus"": 1, ""person"": 3}",[]
52,2.1667,0.027471,36.4014,5,"{""bus"": 1, ""person"": 4}",4,"{""bus"": 1, ""person"": 3}",[]
53,2.2083,0.02732,36.6031,5,"{""bus"": 1, ""person"": 4}",4,"{""bus"": 1, ""person"": 3}",[]
54,2.25,0.028446,35.154,5,"{""bus"": 1, ""person"": 4}",4,"{""bus"": 1, ""person"": 3}",[]
55,2.2917,0.029212,34.2325,4,"{""bus"": 1, ""person"": 3}",4,"{""bus"": 1, ""person"": 3}",[]
56,2.3333,0.027622,36.2026,5,"{""bus"": 1, ""person"": 4}",4,"{""bus"": 1, ""person"": 3}",[]
57,2.375,0.027497,36.3673,4,"{""bus"": 1, ""person"": 3}",4,"{""bus"": 1, ""person"": 3}",[]
58,2.4167,0.029469,33.9342,4,"{""bus"": 1, ""person"": 3}",4,"{""bus"": 1, ""person"": 3}",[]
59,2.4583,0.02949,33.9101,4,"{""bus"": 1, ""person"": 3}",4,"{""bus"": 1, ""person"": 3}",[]
60,2.5,0.037735,26.5006,4,"{""bus"": 1, ""person"": 3}",4,"{""bus"": 1, ""person"": 3}",[]
61,2.5417,0.02901,34.4712,5,"{""bus"": 1, ""person"": 4}",4,"{""bus"": 1, ""person"": 3}",[]
62,2.5833,0.028655,34.8979,4,"{""bus"": 1, ""person"": 3}",4,"{""bus"": 1, ""person"": 3}",[]
63,2.625,0.028638,34.919,5,"{""bus"": 1, ""person"": 4}",4,"{""bus"": 1, ""person"": 3}",[]
64,2.6667,0.028789,34.7357,4,"{""bus"": 1, ""person"": 3}",4,"{""bus"": 1, ""person"": 3}",[]
65,2.7083,0.027556,36.2895,5,"{""bus"": 1, ""person"": 4}",4,"{""bus"": 1, ""person"": 3}",[]
66,2.75,0.027702,36.0986,4,"{""bus"": 1, ""person"": 3}",4,"{""bus"": 1, ""person"": 3}",[]
67,2.7917,0.027166,36.811,5,"{""bus"": 1, ""person"": 4}",4,"{""bus"": 1, ""person"": 3}",[]
68,2.8333,0.027965,35.7592,5,"{""bus"": 1, ""person"": 4}",4,"{""bus"": 1, ""person"": 3}",[]
69,2.875,0.028658,34.8938,5,"{""bus"": 1, ""person"": 4}",4,"{""bus"": 1, ""person"": 3}",[]
70,2.9167,0.026973,37.0738,4,"{""bus"": 1, ""person"": 3}",4,"{""bus"": 1, ""person"": 3}",[]
71,2.9583,0.028589,34.9782,5,"{""bus"": 1, ""person"": 4}",4,"{""bus"": 1, ""person"": 3}",[]
